100;172;211;3;2;6719586876.990001;457932456.0;6261654420.990001
100;224;255;15;3;70475860225.47;6486661440.0;63989198785.46999
100;502;82;3;2;9928007133.1;519407352.0;9408599781.1
101;269;409;5;1;416849567314.61005;14513329997.78;402336237316.83
101;466;171;3;1;57774335853.78;3941875747.34;53832460106.439995
102;119;94;3;1;14989370534.01;564579792.0;14424790742.01
102;245;95;11;3;45066004907.16001;1617271828.48;43448733078.68001
102;283;307;7;3;74886018148.1;2599900788.59;72286117359.51
102;330;403;7;4;31514514537.28;2284036755.0;29230477782.28
102;353;183;9;5;31792534198.019997;1173758662.08;30618775535.94
102;377;48;3;1;22821479974.08;913341312.0;21908138662.08
102;70;137;9;4;4919688967.28;272264895.0;4647424072.28
103;143;52;11;4;7331301543.830001;290639902.92;7040661640.910001
103;82;124;15;3;20628834128.320004;1232961308.64;19395872819.68
104;23;23;13;3;1459909571.86;51339346.74;1408570225.12
104;306;161;7;5;9143572852.99;597021507.84;8546551345.15
104;353;64;7;1;149665926342.8;5962260069.79;143703666273.01
105;98;345;13;2;115223227929.30998;7078408072.01;108144819857.29999
106;266;145;13;3;63051106598.10999;3743210971.14;59307895626.96999
106;470;173;13;3;135070815011.91998;7891119628.29;127179695383.62997
107;348;385;5;4;18074424313.33;1369353308.4;16705071004.93
107;496;405;15;3;465047283062.84;25955367321.6;439091915741.24005
108;450;148;9;1;390064756004.11;30252916800.0;359811839204.11
108;455;192;9;5;55059643506.84;1750024942.85;53309618563.99
110;211;252;13;1;1188698343535.06;48398272117.98;1140300071417.0798
110;325;117;13;4;61785032476.5;2436187038.48;59348845438.020004
110;82;176;7;2;15535894633.949999;1113992698.65;14421901935.3
111;412;82;15;3;52346955525.68;4642260115.68;47704695410.0
111;451;459;9;3;298930571909.45;11519094468.42;287411477441.03
111;461;87;3;2;16580304147.17;612344852.46;15967959294.710001
111;495;288;11;3;140566173695.95;11850240124.8;128715933571.15
112;11;12;7;2;280027962.90999997;10577073.83;269450889.08
112;470;164;3;1;74387327313.01999;4707361929.6;69679965383.42001
112;8;501;15;3;5817337106.999999;584623232.64;5232713874.36
113;320;84;9;1;145086289002.46;13461730329.6;131624558672.85999
114;106;245;15;4;40234096096.380005;2215180749.6;38018915346.78001
114;428;160;15;2;261451245840.94;22474737446.4;238976508394.53998
114;454;210;9;1;738235770554.02;48660873653.95;689574896900.07
114;465;185;13;4;77059100777.02;5943563666.82;71115537110.20001
114;65;78;15;4;11255150898.89;432459237.6;10822691661.289999
115;196;345;9;5;22226085272.51;1624889612.3;20601195660.21
115;248;400;9;1;461130064575.15;51590798691.84;409539265883.31006
116;247;186;11;4;62661687983.11001;2444102050.79;60217585932.32001
117;171;422;13;4;58220474499.090004;4985753459.17;53234721039.92
117;258;188;13;2;149964691318.05;12912906428.95;137051784889.1
117;309;114;7;3;17079764927.130001;1397766440.04;15681998487.090002
118;509;380;11;3;463831858399.29004;17967936428.46;445863921970.83
119;322;41;13;5;11720887124.56;661896538.72;11058990585.84
119;491;183;3;5;8716836496.529999;283441288.5;8433395208.03
119;51;492;9;1;150275671607.1;14043464484.39;136232207122.71
120;226;158;11;3;56269072630.21999;3498856207.19;52770216423.02999
120;432;448;7;3;101524863980.56;8089004180.28;93435859800.28
120;468;136;9;2;124256070676.56;9393501231.13;114862569445.43
121;230;392;15;2;822582165274.41;33173549740.8;789408615533.61
121;264;282;7;4;24830830041.37;1841194333.44;22989635707.93
121;310;251;7;3;57719704603.100006;3252136115.59;54467568487.51001
121;367;237;11;3;220294276526.71002;8522656380.8;211771620145.91
122;313;233;15;4;206214981500.51996;7214510076.48;199000471424.03998
122;377;240;7;3;109235195212.91;3978108825.6;105257086387.31
123;403;22;7;5;4292296783.13;152269117.0;4140027666.13
123;440;270;3;4;6614478991.59;576222672.96;6038256318.629999
123;51;101;7;3;3514071914.39;226472574.72;3287599339.6699996
123;8;501;5;5;1018760247.19;35120100.0;983640147.19
124;102;223;5;2;18208697663.489998;1186622881.32;17022074782.17
124;360;509;15;1;4072509538629.45;279766800720.0;3792742737909.45
125;240;426;3;2;22068543478.7;1983602898.43;20084940580.27
125;266;451;13;2;625100198495.9698;36940485538.76;588159712957.2098
125;280;511;3;1;129628049418.91998;10925458425.5;118702590993.41998
125;308;297;3;1;83639990558.86;6985024007.07;76654966551.79
126;128;72;3;2;1810203833.28;184618015.95;1625585817.33
126;270;102;3;1;23385433355.579998;2137262277.89;21248171077.69
126;334;355;13;4;179754232506.01;10113745917.6;169640486588.41
126;416;470;13;1;2688360557709.44;240821690563.58;2447538867145.86
126;493;49;3;2;13752001908.650002;483921160.08;13268080748.57
127;164;447;7;1;305641424934.35;29493492079.5;276147932854.85
127;257;233;5;2;94400895921.79999;3227159547.28;91173736374.51999
127;315;249;13;5;47453219950.490005;4281807059.71;43171412890.78001
127;415;291;15;3;577290115969.75;23177192231.7;554112923738.05
127;50;443;5;3;10235005868.609999;547797852.0;9687208016.609999
128;142;511;13;5;65856421077.409996;3961196963.94;61895224113.46999
128;435;400;11;5;148255155377.16;7379427000.0;140875728377.16
129;274;490;13;2;723318946849.95;44294048383.31;679024898466.64
129;337;504;7;3;235316966062.00995;8233094553.06;227083871508.94995
129;451;467;11;2;1443286689390.18;51450464324.16;1391836225066.02
130;148;330;11;3;63126226389.93;5571045994.27;57555180395.66
130;187;340;11;3;178833139512.63;7252397713.26;171580741799.37003
130;242;495;7;1;741840014033.29;50613692266.37;691226321766.92
130;347;64;3;5;2221741320.34;81712310.63;2140029009.71
131;218;250;3;5;3710552042.92;200527779.6;3510024263.3199997
131;246;441;7;4;43637949438.450005;3052655094.99;40585294343.46
131;287;50;3;4;2158118122.21;78873351.48;2079244770.7299998
131;350;417;9;2;463490025273.18;25484757308.64;438005267964.5399
132;480;90;15;5;42901028309.84;3406860000.0;39494168309.84
133;190;405;9;4;99284842592.81999;3579328880.64;95705513712.18
133;312;77;9;4;15508650522.68;1117476244.68;14391174278.0
133;355;295;3;3;31867708620.21;1070350240.5;30797358379.71
134;146;392;9;5;32384046892.38;1757432455.83;30626614436.550003
134;153;443;5;3;28428294778.73;1839706418.88;26588588359.85
134;245;484;7;4;94557541097.79;3548488570.7;91009052527.09
134;348;416;5;1;735490830493.95;34301040384.0;701189790109.9498
134;501;186;9;3;101670442497.77;7826734558.27;93843707939.5
134;73;139;13;3;47061528270.28001;1696410495.56;45365117774.72
135;156;43;5;5;1124473513.34;68559650.64;1055913862.6999999
135;367;494;11;1;4935062406425.44;192223470725.0;4742838935700.44
135;442;482;11;4;240630352038.40002;14803439717.58;225826912320.82
136;169;79;13;2;138855417214.35;5022149126.25;133833268088.1
136;354;270;5;5;14766416837.08;1050584774.4;13715832062.679998
137;118;107;3;4;1637820049.63;78064285.32;1559755764.3100002
137;317;36;13;2;109231048652.15001;4292769517.55;104938279134.6
137;319;66;15;3;123542938196.74;4686231322.08;118856706874.66
137;467;371;3;5;20834816876.710003;685578780.63;20149238096.08
138;316;54;11;5;9115283293.52;844115249.26;8271168044.26
138;382;440;13;5;195888139163.45;10768555356.42;185119583807.03
138;422;49;7;3;20349746596.42;1150635167.64;19199111428.78
139;371;444;5;1;1116094609127.48;42089370498.0;1074005238629.48
140;180;48;3;1;8763464504.21;830467095.55;7932997408.66
140;231;383;3;2;32271600504.879997;2188050535.44;30083549969.44
140;360;36;7;4;4769420217.52;436259779.2;4333160438.32
141;119;84;11;4;20425966906.57;784110838.16;19641856068.41
141;133;151;13;5;39088365996.74;1387556979.03;37700809017.71
141;355;226;5;2;143929474804.61002;5355289920.6;138574184884.01
141;63;494;5;2;24396294463.72;2077369224.84;22318925238.88
142;129;77;15;2;70861876469.84;5295386596.5;65566489873.34
142;199;390;11;1;2269199051818.93;91761165505.15;2177437886313.78
143;120;254;15;2;154296838917.78;16249208040.0;138047630877.78
143;189;105;9;5;9098780446.89;706740842.3;8392039604.590001
143;473;479;13;4;713085717710.72;24822710245.59;688263007465.1299
145;378;506;5;3;125533319756.91;6178354237.44;119354965519.47
145;497;328;11;2;1392525893325.44;51149504759.09;1341376388566.3499
146;166;275;3;2;20457313809.16;1227826539.72;19229487269.44
147;173;448;3;2;54465244722.240005;2084588568.12;52380656154.12001
147;242;391;13;4;185938465759.36;10985578243.64;174952887515.72
147;327;44;5;1;48146134276.659996;4124967372.24;44021166904.42
147;43;334;15;1;843793786581.5901;32055955563.24;811737831018.3501
147;460;299;15;3;641813483144.9;35143464330.0;606670018814.9
147;474;115;13;5;55753909353.63;4050297783.17;51703611570.46
149;128;101;9;5;7845630723.13;493878775.91;7351751947.22
149;90;478;9;5;24972324623.75;1643461087.54;23328863536.21
150;448;15;15;5;7938471954.059999;664776806.4;7273695147.66
150;508;469;7;4;131870219782.95999;8962807896.65;122907411886.31
150;93;297;5;1;88512591565.03;8254544688.72;80258046876.31
151;119;319;15;3;297557893169.63;10580931026.82;286976962142.81
151;126;361;11;1;770972006876.21;61363390501.83;709608616374.38
151;400;176;15;2;700224638439.4299;42292305792.0;657932332647.4299
151;420;37;7;5;5677425899.21;384324091.2;5293101808.01
152;265;17;5;1;38351623280.35;1383458830.4;36968164449.95
152;269;456;11;5;196775015854.03998;7491227863.68;189283787990.36
152;326;289;5;2;129625979141.96999;7429951575.0;122196027566.96999
152;377;488;3;1;597696821601.16;20892682512.0;576804139089.16
153;123;417;11;2;194949102749.41998;18042617179.7;176906485569.71997
153;26;479;13;4;27371952779.440002;1529708121.68;25842244657.760002
153;401;274;11;3;477987650709.41;17901131001.72;460086519707.69
154;224;421;9;5;49213345879.700005;3855366305.28;45357979574.420006
154;29;123;9;3;10840441382.96;405075654.0;10435365728.96
154;48;377;9;3;24368336499.92;2055017952.0;22313318547.92
155;160;359;11;3;105835669328.91;9358364715.39;96477304613.52
155;256;22;9;3;7890263751.290001;639581184.0;7250682567.290001
155;409;302;9;4;223835905813.15;8101966964.6;215733938848.55
155;497;11;11;2;53201549381.420006;1976915786.32;51224633595.100006
156;286;387;13;3;364079623692.74;25186270756.05;338893352936.69
156;290;178;7;3;59074991116.41;3689456866.7;55385534249.71001
156;300;277;13;4;137615379077.44;10781996375.28;126833382702.15999
156;305;356;3;3;41963460160.12;1481859535.1;40481600625.020004
157;207;134;15;3;109494812297.90999;8403453996.84;101091358301.06998
157;274;307;9;2;383011789659.32;21493368711.0;361518420948.32
157;438;365;3;1;297196188428.21;19385673132.6;277810515295.61
157;496;239;11;3;270188887461.86002;20110041248.0;250078846213.86002
157;64;56;5;3;1269172529.6500003;135869726.72;1133302802.93
158;357;206;11;1;1569167465083.64;109308074103.78;1459859390979.8599
158;370;151;7;4;41593953219.38;2335134876.98;39258818342.399994
159;13;83;5;1;10210034569.21;363440109.5;9846594459.71
159;238;60;13;4;30390393328.24;1954294952.06;28436098376.18
159;334;212;13;4;158972657137.16;9690456370.15;149282200767.01
159;491;280;11;1;5298561035789.649;207112082533.66;5091448953255.989
159;9;142;11;2;6059731937.34;487805571.0;5571926366.34
160;183;425;13;4;154975547537.29;10643927863.92;144331619673.37
160;345;247;5;3;49824626463.869995;3355952468.7;46468673995.17
160;506;472;5;4;133030676319.65999;5357479424.0;127673196895.65999
161;140;493;5;2;79649741468.37;6039168556.4;73610572911.97
161;42;418;5;2;22069361582.699997;1536129283.92;20533232298.78
161;53;372;11;4;53042887591.26;2034892161.24;51007995430.020004
162;208;124;9;3;32365492415.79;3167996778.09;29197495637.7
162;22;281;13;4;16213251484.449999;891154335.61;15322097148.84
163;388;47;7;4;12597773469.47;801777105.92;11795996363.550001
163;9;91;9;4;1012349679.68;59524657.92;952825021.7600001
164;171;270;11;3;113668726410.74;8471492625.02;105197233785.72
164;293;177;5;3;56202803140.27;2120197997.52;54082605142.75
164;457;167;11;3;402805465083.62006;14003375474.32;388802089609.30005
165;171;409;3;4;11076458533.62;622685157.09;10453773376.53
166;185;334;11;1;2838926089300.83;102037725009.79;2736888364291.04
166;221;270;7;1;1189108769547.69;41975906918.4;1147132862629.2898
167;210;337;5;4;27197907671.870003;1750232685.6;25447674986.27
167;305;273;5;2;199134918337.36;7849431517.2;191285486820.15997
167;352;96;15;5;130486496797.9;4366207549.44;126120289248.46
167;409;141;15;4;284789953540.31;11067821792.82;273722131747.49002
167;482;153;9;2;451685850064.07996;21439342725.12;430246507338.95996
168;309;250;7;4;59141061217.57001;3744563104.8;55396498112.770004
168;397;413;9;5;233226548477.02002;8110758344.12;225115790132.9
168;449;243;9;1;3420418487338.83;126877789532.16;3293540697806.67
168;463;188;7;4;111462053184.92;4219310691.19;107242742493.73001
169;11;165;5;3;2432425585.0899997;79799596.8;2352625988.29
170;150;191;9;1;491079758117.42004;34154480126.88;456925277990.54004
171;109;244;11;2;305274990357.93;11840764329.82;293434226028.11005
171;196;315;7;3;159195243845.78998;5320430373.89;153874813471.9
172;227;25;9;5;8397992420.14;298000315.44;8099992104.7
172;385;149;5;2;166175114064.32;5810758992.5;160364355071.82
172;42;236;13;3;30790638608.410004;2739324757.48;28051313850.93
173;227;114;15;4;147956674705.07;5488945833.24;142467728871.83
173;244;21;5;4;1867098192.0199997;132829349.52;1734268842.4999998
173;279;193;5;3;36865292306.57;2452783620.06;34412508686.509995
173;423;426;3;3;42264379036.57;3059542342.6;39204836693.97
174;245;361;15;4;541547860762.5;18759943358.1;522787917404.4
175;173;139;7;1;542542018237.58;18872889520.07;523669128717.51
175;313;109;15;3;370121262407.98;13022271256.5;357098991151.48
175;79;390;11;4;95981407152.43;3687938366.11;92293468786.31999
176;289;320;9;4;217265846263.51;7767437296.9;209498408966.61002
176;398;363;9;2;729011188856.81;47415525961.32;681595662895.4901
177;166;84;15;1;906173866968.52;46746931200.48;859426935768.04
177;411;139;5;3;42539434904.93;2788102006.98;39751332897.95
178;181;301;3;5;10985247843.56;356369548.15;10628878295.41
178;343;311;11;2;1460560603440.6301;52298078880.74;1408262524559.8901
178;423;52;3;3;5392864474.44;399665560.32;4993198914.119999
179;158;314;13;1;3413600638951.78;131133721645.51;3282466917306.27
180;114;125;3;3;4217510700.5200005;258921360.0;3958589340.5200005
181;18;401;15;1;619341006510.63;25400387556.36;593940618954.2701
181;66;95;7;5;3321099839.94;223293780.86;3097806059.0799994
183;105;179;9;2;94303935129.56999;6611510594.3;87692424535.26999
183;191;423;9;2;730268271052.9299;28420525429.4;701847745623.53
183;250;449;5;5;51497380135.07001;2154456905.0;49342923230.07001
183;46;503;5;2;57479233032.67;2627597556.0;54851635476.67
184;237;444;5;4;35661727082.729996;3121727520.96;32539999561.77
184;400;48;15;1;1011171720371.78;70014758400.0;941156961971.78
185;239;270;13;2;1152847530764.77;46290820632.26;1106556710132.51
186;242;467;5;4;71849491012.42;3500063922.52;68349427089.899994
186;488;110;3;5;5193608528.85;391228257.02;4802380271.83
186;67;47;13;4;16891467034.19;604355387.22;16287111646.970001
187;114;125;3;4;2433997273.96;158877023.4;2275120250.5600004
187;206;22;5;4;2430023257.4;140356855.76;2289666401.6400003
187;8;421;11;4;7407172396.679999;462796947.36;6944375449.32
188;138;465;11;4;119795110992.99;9213848731.3;110581262261.69
188;218;98;5;3;18744175414.57;1151367488.32;17592807926.25
188;323;201;9;1;2530782702803.52;95551303008.96;2435231399794.56
189;103;432;7;5;48496315393.990005;1765599713.74;46730715680.25
189;180;278;13;2;378952345388.76;37565746534.37;341386598854.39
189;214;326;7;4;74827100787.26999;4234783129.54;70592317657.73
189;324;214;15;5;133247340739.73;11338466158.08;121908874581.65
189;344;398;9;1;4094928078659.6;203747218328.79;3891180860330.81
189;377;283;11;5;290086526107.64996;9911162783.01;280175363324.64
189;472;413;3;1;429420962774.08;34405333961.64;395015628812.44
189;90;484;7;5;23502462001.91;1728459266.69;21774002735.22
190;326;61;3;1;61710472807.270004;3547428477.0;58163044330.27
191;117;309;7;5;18523348571.22;1434549767.41;17088798803.810001
191;446;306;7;4;134381818723.84;8284305119.93;126097513603.91
191;447;80;13;3;152755317025.02002;12611068646.59;140144248378.43002
192;506;65;15;5;110344323896.54001;5681432413.8;104662891482.74
193;19;337;7;3;20909382456.559998;698342841.55;20211039615.01
193;373;375;7;4;245646985734.18;8855776742.4;236791208991.78
194;210;64;13;4;34374610757.31;2813777121.79;31560833635.519997
194;216;71;15;5;37933900601.91;2649147081.12;35284753520.79001
194;260;490;9;5;307760266274.98004;8356600586.88;299403665688.1
194;267;383;15;3;734560311777.51;48013153178.58;686547158598.9299
194;295;487;5;5;90865845521.45;3063572799.3;87802272722.15
194;413;206;15;3;1083909501150.27;39945463530.84;1043964037619.43
195;183;32;7;1;58857695322.25;5748158850.74;53109536471.51
195;30;270;15;1;718496233507.76;33483642138.0;685012591369.76
195;37;270;5;4;9553613475.880001;336283579.8;9217329896.08
195;41;383;3;3;11257524428.400002;334857367.26;10922667061.14
195;450;336;13;1;19784778257474.63;479897712927.36;19304880544547.27
196;331;208;7;2;593431986094.5599;17435639454.11;575996346640.45
196;60;362;5;3;16275930990.169998;1286573340.0;14989357650.169998
198;332;373;15;1;8242691558629.951;529021210106.88;7713670348523.07
198;437;495;11;2;3779471696004.07;132472954320.3;3646998741683.77
199;217;105;11;3;162637593486.37;6332896002.05;156304697484.32
199;245;56;11;3;98464525636.34;3813356732.42;94651168903.92
199;378;247;5;3;77524429073.90001;5701966189.92;71822462883.98
200;193;85;9;5;33819156059.0;1192310150.4;32626845908.6
200;440;429;5;2;577943040412.9199;25937515375.2;552005525037.72
201;197;377;7;5;90465858960.28;3265364327.68;87200494632.59999
202;206;392;5;4;54122828996.11;2944704047.04;51178124949.07
202;255;192;7;1;606509085332.84;51684180774.91;554824904557.93
203;69;245;3;5;2656508118.75;143427821.8;2513080296.95
203;91;491;5;1;937475510133.84;24807160179.62;912668349954.22
204;217;235;11;1;3607169499220.4;130234015472.18;3476935483748.22
204;324;308;11;1;3589430358536.09;254854649906.84;3334575708629.25
204;437;227;9;4;326278587897.66003;11265236838.0;315013351059.66003
204;499;17;11;1;598646372004.69;21664381865.88;576981990138.8099
205;102;216;13;3;125272852486.85;8822168447.04;116450684039.81
205;340;89;11;4;62156776675.950005;5133366920.0;57023409755.950005
205;37;16;11;4;2567421029.22;100428064.0;2466992965.22
205;420;431;3;5;32031138798.250004;1611668270.02;30419470528.23
206;123;88;7;1;132172608437.43001;11897394432.0;120275214005.43001
206;137;457;3;2;105876569115.43;3352445536.18;102524123579.25
206;16;284;15;1;198773824203.01;21136413818.88;177637410384.13
206;199;383;3;2;127944987680.61002;4081096031.42;123863891649.19
206;225;408;5;1;713920355770.9401;52516216944.0;661404138826.94
206;300;237;9;3;201198654871.25998;14498138023.92;186700516847.34
206;313;291;13;2;2133526244156.53;82905661237.53;2050620582919.0
206;385;65;15;5;143768307720.13;5052247200.0;138716060520.13
206;44;186;9;5;8321676877.289999;624922782.74;7696754094.549999
207;197;316;7;2;455571546986.91;17450189250.84;438121357736.07
207;466;348;5;5;63300085834.770004;4010622215.04;59289463619.73
207;476;70;9;2;302404970398.75;15135543360.0;287269427038.75
208;173;251;5;5;31642858652.89;1073906371.44;30568952281.45
208;316;287;5;4;42088608589.020004;3438140975.36;38650467613.66
208;34;500;3;1;59930457157.909996;3641110646.4;56289346511.509995
209;259;185;5;3;90131451550.84001;3198288876.3;86933162674.54001
209;273;281;5;1;653587678972.12;45198570826.5;608389108145.62
209;409;348;5;3;249021063360.63;9500549981.04;239520513379.59
210;150;269;11;1;1601269527898.31;109520875200.0;1491748652698.31
210;207;371;11;5;136981893635.25;8760024963.6;128221868671.65
210;259;23;13;4;41707382657.45;1468461828.51;40238920828.94
210;275;204;15;5;343601235824.68;11325916800.0;332275319024.68
210;449;188;11;4;377968988786.99;14898341252.36;363070647534.63
211;144;200;15;3;178729356508.01;16312954176.0;162416402332.01
211;429;55;7;2;88011622677.63;6878575619.92;81133047057.71
213;202;219;11;3;208886233740.91;14291803652.7;194594430088.21
213;303;503;9;4;297958240060.27;18720193120.01;279238046940.26
214;298;405;5;4;159129026685.59;4934087200.8;154194939484.79
214;368;39;5;1;99649387091.7;8873583264.0;90775803827.70001
214;52;428;5;3;23561379778.079998;1572938793.92;21988440984.16
215;186;485;3;5;15110961829.410002;881476117.63;14229485711.78
215;327;434;11;3;560268348606.05;45848912491.17;514419436114.88
216;161;96;7;1;478548230611.06;18730086520.32;459818144090.74
216;259;128;15;2;1204666697768.6602;43521173821.44;1161145523947.22
216;283;191;13;1;5966129286975.92;213193935783.13;5752935351192.79
216;450;69;13;3;194952825917.77002;14010527779.56;180942298138.21002
217;189;205;11;3;176077843340.37;12882647408.4;163195195931.97
217;220;445;11;3;447080158432.72003;32551585528.0;414528572904.72003
219;109;373;3;2;77311758840.46;2438028847.56;74873729992.90001
219;337;176;3;4;24174452873.299995;905562567.36;23268890305.94
219;373;357;13;2;3562187863725.7397;136501818164.28;3425686045561.46
220;427;422;5;2;799721575884.0701;30015206494.28;769706369389.79
221;150;273;3;2;32062778003.670002;2500862364.0;29561915639.670002
221;285;139;9;3;135661025184.62999;9328625895.17;126332399289.46
221;32;512;7;3;27683108533.3;2399218185.01;25283890348.29
222;113;12;13;5;6446528203.389999;237624551.55;6208903651.84
222;199;282;9;1;3030962603099.3706;116740824233.41;2914221778865.9604
222;284;292;7;3;129007613820.01001;12143699075.11;116863914744.90001
222;408;346;7;4;168485015183.15;11734530709.44;156750484473.71
222;61;200;7;5;17174321854.84;649036720.64;16525285134.2
223;426;235;11;5;200839680201.38;13151527264.13;187688152937.25
224;168;303;9;4;70213768597.04001;6994719658.08;63219048938.96
224;234;165;5;1;493898151800.13007;26199510480.0;467698641320.13007
224;348;462;13;3;3763581638962.82;78991602046.16;3684590036916.6597
224;389;414;11;2;3751025468733.5005;127464964306.1;3623560504427.4004
224;482;103;15;3;585644439600.6101;31578499023.48;554065940577.13
224;499;86;5;5;34716278123.39;1218349917.0;33497928206.39
225;236;277;5;3;93218954827.9;5155399350.0;88063555477.9
225;466;376;11;3;958302261432.07;63359662779.64;894942598652.4299
226;268;124;3;4;6006017705.219999;544950060.25;5461067644.969999
226;487;408;3;5;58478148859.21001;2122048482.74;56356100376.47
226;61;255;11;4;82726146972.01999;3192925385.1;79533221586.91998
227;215;194;15;4;419782333414.33;15346814104.8;404435519309.53
228;43;112;9;2;67415331044.60999;2695413875.21;64719917169.399994
228;52;428;5;2;50511026252.479996;3984299833.28;46526726419.2
229;113;213;5;3;51003518587.21;1949096066.88;49054422520.329994
229;261;107;15;2;559545363474.27;41101939823.04;518443423651.23
229;412;319;3;5;21229072935.23;1465325574.13;19763747361.1
229;55;381;3;4;11060527390.63;355790351.66;10704737038.97
230;13;246;9;3;22005982090.38;817135371.0;21188846719.38
230;239;432;7;4;250212166986.55002;9217973262.76;240994193723.79
230;83;142;7;1;436603331291.20996;16250493653.81;420352837637.39996
230;83;470;9;4;153385718594.77;5757297684.55;147628420910.22
232;10;344;15;3;36592919450.97;2376908179.2;34216011271.77
232;133;483;7;5;98837764669.94;3735240071.74;95102524598.2
232;264;374;3;4;20414813585.05;1734722720.76;18680090864.29
232;347;296;13;3;1355908687094.4;53306397674.98;1302602289419.42
233;156;62;11;5;17003799974.079998;1388754011.67;15615045962.41
233;175;386;9;4;271917808326.05002;9969378584.76;261948429741.29
233;241;119;3;5;9867218142.93;319749765.2;9547468377.73
233;473;120;11;3;574667478806.1;21664979820.0;553002498986.1
234;258;438;15;4;693143521612.4299;44715737041.92;648427784570.5099
235;116;473;11;2;557478833762.75;47541118176.75;509937715586.0
235;315;375;5;5;52888384238.76;3658352512.5;49230031726.26
236;50;444;11;3;131294343492.28;8701087464.96;122593256027.31999
237;122;247;3;1;143203082370.26;8399298637.08;134803783733.18001
237;137;90;3;4;6140453245.75;224035113.6;5916418132.150001
237;175;281;3;4;28781069022.99;893505816.0;27887563206.99
237;273;87;11;2;232356123666.05002;20945222470.97;211410901195.08002
237;49;80;9;1;273675830299.33;9337917992.26;264337912307.07
238;199;280;13;2;1960838830517.64;68630240375.42;1892208590142.22
238;225;33;9;3;24647105253.34;2052006287.76;22595098965.579998
238;304;342;7;1;3919338563679.15;153772878628.45;3765565685050.6997
238;446;159;3;5;17816928290.059998;824641092.4;16992287197.66
238;92;399;13;3;398550975860.20996;20094750448.28;378456225411.93
239;411;130;11;1;2806001095188.6;190129503519.38;2615871591669.2197
239;487;80;11;2;872883461681.4698;34962944772.8;837920516908.6699
240;477;260;13;3;995632739011.03;69689586382.42;925943152628.61
241;249;479;5;5;67917908145.17;4014902787.42;63903005357.75
241;343;12;11;2;96187244262.20999;3758241810.89;92429002451.31999
242;274;462;9;3;590594313248.81;35887214028.76;554707099220.05
242;378;18;11;3;29998154583.9;2808968607.24;27189185976.66
243;185;495;7;2;925503630970.66;35634850006.14;889868780964.52
243;345;309;5;2;485320319369.63;21522270240.0;463798049129.63
243;82;436;13;2;689670971542.47;45594350100.58;644076621441.89
244;111;162;15;2;499011243069.94995;30531243634.56;468479999435.39
245;465;78;7;4;44570190022.42;3708611243.06;40861578779.36
245;466;88;3;1;188189508105.19998;12221700881.7;175967807223.5
246;78;494;13;4;188963933360.47;13146760823.04;175817172537.43
247;357;125;15;3;494721465531.05994;35141713582.5;459579751948.55994
247;48;271;7;5;14780671873.68;858236090.07;13922435783.61
248;409;405;7;4;465398517957.82;17497088770.9;447901429186.92
248;440;473;5;2;522270118836.86;44144037669.6;478126081167.25995
249;15;53;15;3;10341675187.73;626054057.1;9715621130.63
249;162;345;11;5;132603821424.39;9105832241.35;123497989183.04001
250;126;176;9;1;750781503391.1401;58993881124.15;691787622266.9901
250;201;247;5;5;26600943451.5;1740127350.0;24860816101.5
250;225;59;5;4;11721152465.289999;738692419.5;10982460045.789999
250;454;94;15;5;255799617127.67;12406712094.72;243392905032.95
251;165;45;7;5;5644500482.690001;510082650.0;5134417832.690001
251;212;308;15;1;7567956159058.28;462779159008.32;7105177000049.96
251;385;242;3;5;34779882958.75;1223114070.02;33556768888.730003
252;11;169;3;3;2758857699.2;66204647.31;2692653051.89
252;187;317;13;1;8849910596535.0;323607115054.08;8526303481480.919
252;507;460;7;3;499643386150.92993;44149527576.34;455493858574.58997
253;324;28;13;5;21873857826.75;2064381275.17;19809476551.579998
253;368;508;15;2;9214557516607.58;339675752448.0;8874881764159.58
254;288;235;13;5;186630897331.35;16035963840.0;170594933491.35
254;416;127;9;4;136319937894.32;9525135760.36;126794802133.95999
254;457;485;11;1;24721722743935.21;895428610277.7;23826294133657.508
256;55;377;3;1;189802073891.21;6751837593.07;183050236298.13998
257;223;190;13;3;736147540989.07;27663642168.14;708483898820.9299
257;362;45;11;2;236161947613.36;16996434694.27;219165512919.09
258;111;446;11;5;107755569710.86;8737588044.82;99017981666.04001
258;132;292;3;5;8849073905.78;526034204.47;8323039701.31
258;53;220;11;5;52179740428.64;2057937959.09;50121802469.55
259;27;265;7;2;45377952279.72;3171181980.2;42206770299.52
259;28;48;15;4;6772709410.69;651888276.48;6120821134.21
259;342;425;5;3;220155248028.12;15071620572.0;205083627456.12
260;301;232;11;1;8512085574197.061;296161003600.0;8215924570597.061
260;426;52;15;1;2094339410695.1301;169150653509.76;1925188757185.3699
261;127;297;3;1;320115152161.53;12770567967.88;307344584193.65
261;51;319;9;1;623026475656.85;47303679701.44;575722795955.4099
261;53;88;7;5;9508659380.699999;346552721.72;9162106658.98
262;186;245;3;2;71755217809.12;3947045513.54;67808172295.579994
264;401;48;3;3;19760989233.870003;752318027.37;19008671206.500004
265;198;302;15;5;300126212737.65;19624699187.28;280501513550.37
265;367;510;13;2;7256601677122.8;286113527513.74;6970488149609.061
265;401;450;9;5;600384059165.4698;23025106594.44;577358952571.0299
265;50;368;15;3;486397819201.37;16774369200.0;469623450001.37
266;307;501;5;3;435282190403.38;16698961340.16;418583229063.22
266;479;508;15;2;12706336123470.541;495218876657.04;12211117246813.5
267;298;438;11;5;408564094450.32996;24879147165.63;383684947284.7
267;451;490;9;3;2948927987153.4697;75980850572.09;2872947136581.38
268;380;471;3;4;73372298039.85999;4177080486.14;69195217553.72
268;466;116;13;4;340625903267.0101;21645385692.32;318980517574.69006
269;193;188;5;5;40449388494.15;1483374098.88;38966014395.270004
269;226;204;11;1;3213950597510.7803;209860889844.88;3004089707665.9004
269;253;111;13;2;1144970414683.96;44291218680.17;1100679196003.79
269;285;390;15;3;2682592848525.86;103728212172.0;2578864636353.86
269;312;501;3;5;43252924627.770004;2386537227.36;40866387400.41
269;448;235;9;2;1788961005804.03;82069444041.98;1706891561762.05
270;197;92;11;2;653028015254.86;21105226633.96;631922788620.9
270;216;15;11;5;6697465640.07;617575593.89;6079890046.179999
270;58;244;3;3;9870679726.510002;578566592.64;9292113133.87
271;408;243;5;4;156602705991.47;6427354821.12;150175351170.34998
271;462;14;3;4;2056536194.04;150951819.11;1905584374.93
271;463;476;13;1;36310354512792.086;1401142096758.19;34909212416033.9
272;317;270;11;2;3327378462191.21;101196213833.09;3226182248358.12
272;490;253;15;2;7819818639698.75;264358834740.0;7555459804958.749
272;502;85;7;3;168814562950.40997;9497553458.4;159317009492.00998
272;68;373;13;1;1968622378756.7402;162502164481.28;1806120214275.46
272;75;434;3;4;12452627729.749998;782167359.96;11670460369.789999
273;227;330;3;2;185566407506.07;6993074068.99;178573333437.08
273;404;213;15;5;399010466857.17;30500238180.24;368510228676.93
273;68;362;9;4;59334776735.6;5019495999.96;54315280735.64001
274;126;289;11;1;2643480645035.5996;172214461059.38;2471266183976.2197
274;158;421;13;5;341413578934.57996;18383212693.5;323030366241.07996
274;19;225;5;5;6035502508.849999;181304887.5;5854197621.349999
274;398;433;11;1;15032440590332.53;815027377717.56;14217413212614.969
274;461;374;15;1;38888965612493.68;1470651419952.0;37418314192541.68
276;426;171;13;4;374733572261.6;30992030049.99;343741542211.61
276;447;229;13;2;2459104920845.41;171609370005.75;2287495550839.66
276;451;352;7;3;1028350740942.02;36124851873.51;992225889068.51
277;102;91;11;4;38733826016.66;2912411684.58;35821414332.08
277;418;504;11;5;1253777592721.9102;43243971503.04;1210533621218.8699
278;427;350;7;3;1202046040227.9102;34759671148.16;1167286369079.75
278;55;14;9;2;16543180139.61;646936367.62;15896243771.99
280;399;302;9;1;12074331893241.371;404958641168.79;11669373252072.582
281;436;22;7;5;10703407452.630001;826588405.35;9876819047.279999
281;487;160;11;1;10008056069706.941;388312079706.5;9619743990000.441
282;113;457;3;4;43672515739.17999;1313898616.66;42358617122.52
282;131;135;15;2;1117710936468.2803;40668965392.5;1077041971075.78
282;177;212;9;4;126740513670.98999;8352148956.48;118388364714.50998
282;62;377;3;4;12584580169.51;594703167.36;11989877002.15
283;265;103;11;5;164895505299.27;5808346652.42;159087158646.85
284;223;107;3;5;12470962981.86;405130688.67;12065832293.19
286;369;372;11;4;800691060682.2899;45641379389.76;755049681292.5299
286;497;276;15;4;2494308950856.35;82405116052.56;2411903834803.79
286;500;436;15;4;2903837503193.0103;130961969640.0;2772875533553.0103
286;500;79;9;2;494153066561.58;35167880160.0;458985186401.58
287;111;319;5;2;130540128999.62;10010098805.52;120530030194.1
287;131;296;7;5;91481120955.84001;3461918208.94;88019202746.90001
287;189;446;13;3;827005414368.26;69096694150.41;757908720217.85
287;221;509;7;4;465362786947.18;15582274060.88;449780512886.3
287;366;321;13;1;11342536029800.271;842066160507.0;10500469869293.271
287;45;167;9;2;98291749478.27998;6690800491.2;91600948987.08
288;335;185;13;2;3822644268787.96;113485622839.42;3709158645948.54
288;345;115;11;4;192068307644.86002;13571473660.14;178496833984.72
288;411;493;13;3;2371293757329.83;166092242138.69;2205201515191.1396
289;39;311;7;2;97136523214.78;6720564751.56;90415958463.22
289;458;218;11;2;2325511095719.33;132791849048.32;2192719246671.01
290;298;170;7;5;79656579807.3;4683011859.01;74973567948.29
292;104;496;13;2;1178612866717.83;97195901149.9;1081416965567.93
292;409;347;13;5;1268291639814.7798;43701586525.49;1224590053289.29
292;465;272;5;4;108679604594.77;9449647118.4;99229957476.37
292;465;461;11;2;5030925053177.59;293308022800.85;4737617030376.74
292;467;110;13;1;10618803006846.812;381698398681.6;10237104608165.21
293;110;298;11;1;4397693140900.23;178145639105.46;4219547501794.77
293;301;298;15;1;24925857046819.098;881011727031.24;24044845319787.855
294;197;190;15;4;639800738287.41;23808226613.4;615992511674.01
294;363;74;13;5;107824046112.97;8564244184.95;99259801928.02
294;431;304;11;4;1541025808594.49;46090266778.83;1494935541815.66
295;401;58;3;4;18188403984.47;642815470.14;17545588514.33
296;135;424;11;5;150372550984.16998;13066190552.45;137306360431.71999
298;272;183;11;1;5319164051622.82;280154978530.1;5039009073092.72
298;440;123;15;5;296041742952.72;22972290422.4;273069452530.31998
299;116;256;9;4;164843309919.77002;7386767297.74;157456542622.02997
299;197;202;7;1;3431973958007.53;93876506892.8;3338097451114.73
299;241;452;9;3;1230497721964.4697;47522650267.81;1182975071696.6597
300;334;241;9;1;5714466161976.0;311761323248.72;5402704838727.28
301;355;125;5;5;68688370235.86;2314973637.5;66373396598.36
302;122;245;5;4;43611167340.490005;2420477852.8;41190689487.69
302;420;89;7;5;54270979930.78;3697820985.6;50573158945.18
302;454;172;11;3;819726213487.3201;50889692471.83;768836521015.49
303;273;394;5;4;126269034946.06999;8710319130.24;117558715815.82999
303;364;275;13;1;13767988563419.58;803368436991.12;12964620126428.46
303;65;338;11;2;852558448205.2098;32214997478.66;820343450726.5499
304;498;159;15;4;800656557588.32;54711727745.76;745944829842.5599
305;184;95;9;1;1238928356735.2998;70040195682.34;1168888161052.96
306;479;251;11;4;1354674064049.5798;45890748040.5;1308783316009.0798
307;444;478;5;5;134583740923.40999;11437793708.16;123145947215.24998
307;68;501;3;4;14563862250.95;1019479748.92;13544382502.03
308;228;412;15;2;6187987091908.87;259624705489.92;5928362386418.95
308;279;195;9;3;294335163199.11;25210101025.04;269125062174.06998
308;301;496;13;2;8958407642513.6;314134342912.5;8644273299601.1
309;348;359;15;1;16528877656085.4;1371855117114.0;15157022538971.4
310;189;479;7;4;233277971502.75;14749688649.88;218528282852.87
310;366;377;9;3;972369831905.17;65210240656.45;907159591248.7201
310;451;333;7;1;10591893330465.42;381392393827.74;10210500936637.68
310;453;100;7;1;1947799005549.78;115040153948.16;1832758851601.62
311;222;71;13;1;1791006158047.3801;133551389041.26;1657454769006.1199
311;314;297;9;1;10210994696970.1;388923672687.11;9822071024282.99
311;421;113;3;5;28634197830.84;952998358.59;27681199472.250004
312;238;416;9;5;519736702867.08;17288077092.25;502448625774.83
312;351;166;13;5;260930687744.71002;20548001279.71;240382686465.0
312;498;198;5;3;321844520058.88;14952342113.28;306892177945.6
313;88;107;15;4;97088002442.68;6862528442.88;90225473999.79999
314;121;52;11;4;64487853166.63999;2531416109.62;61956437057.02
314;257;393;7;5;286816086232.68005;11015668489.74;275800417742.94
316;167;272;7;3;340427259449.27997;13500695395.53;326926564053.75
316;240;384;7;1;7245351651594.1;243371623219.2;7001980028374.9
316;82;203;11;5;76749268236.87;4341968261.52;72407299975.35
317;206;13;15;1;519133508653.99;31023182862.36;488110325791.63
317;76;418;13;1;4533594687923.27;280081395948.64;4253513291974.63
318;326;46;7;3;77235402965.70001;4543160867.28;72692242098.42001
318;41;67;7;1;203188841028.35004;7348047117.47;195840793910.88
319;125;145;3;1;308509233113.81;9192783964.5;299316449149.31
319;28;121;11;2;64248875055.83;5523319592.56;58725555463.27
319;301;469;7;3;1194498205492.48;42768303312.42;1151729902180.06
319;417;461;9;2;3375760157003.55;212509916627.67;3163250240375.88
319;463;228;15;3;3577842182824.03;141312575101.68;3436529607722.3496
319;477;255;11;1;15720297309612.168;788077436918.51;14932219872693.66
319;486;387;11;3;5676588917925.38;138040742984.6;5538548174940.779
319;498;46;11;3;249484700789.72;16813078020.71;232671622769.01
319;90;448;15;4;449881753556.44006;30164247590.4;419717505966.04004
320;454;444;11;2;8734057857817.63;332875165181.64;8401182692635.989
321;433;332;5;4;372966130125.55;12898938368.0;360067191757.55
322;355;342;7;5;789514450760.05;13665278656.51;775849172103.54
323;272;163;9;1;2443315932228.08;199834578982.08;2243481353246.0
323;440;285;7;4;713918257099.78;22053706752.0;691864550347.78
324;145;109;11;3;339605727544.73;12050348470.86;327555379073.87
324;160;206;7;3;109678059849.59;10369524531.97;99308535317.62
324;260;172;9;3;243478281070.2;22824777321.22;220653503748.98004
324;390;210;13;1;22521593463330.336;755592779934.72;21766000683395.617
324;416;486;3;4;113625362510.0;6861322283.21;106764040226.79
324;53;282;7;4;72378291632.08;2694629752.32;69683661879.76001
324;56;366;9;5;42049254858.3;3813485366.48;38235769491.82
324;70;505;13;1;6141695911863.359;326131926382.08;5815563985481.279
325;364;162;13;1;17810474140952.758;547519741549.0;17262954399403.76
326;288;449;3;2;392776463349.21;17340617232.92;375435846116.29004
326;349;474;15;2;15572707477390.828;514509735109.32;15058197742281.51
327;141;146;3;4;10100069532.87;698634756.46;9401434776.41
327;271;52;11;3;274873642681.15002;10947969155.09;263925673526.06003
327;447;243;13;2;5155777939161.37;256993820208.03;4898784118953.34
327;93;262;13;4;185067935270.03;14779472148.48;170288463121.55002
328;248;413;11;2;3044318511658.53;177924221009.92;2866394290648.61
328;41;416;3;3;31524136366.699997;1041629022.72;30482507343.979996
329;335;50;11;3;344269402310.82007;13012949428.6;331256452882.22003
329;446;129;15;4;906610495656.9501;46461696768.0;860148798888.9501
330;435;92;7;2;588139639425.59;29218396489.3;558921242936.29
330;445;331;15;4;3388396625054.11;118948371840.0;3269448253214.11
331;372;254;13;3;1050950533075.3301;102527158548.42;948423374526.91
331;374;187;3;3;82601687510.69;4349203017.83;78252484492.86
331;465;241;11;2;2713662483653.98;197112934180.93;2516549549473.05
331;485;48;11;3;544522230400.93;18425694329.86;526096536071.07
332;361;178;9;5;372674339737.7;12714758013.83;359959581723.87
332;69;451;13;2;961749365628.97;76449050222.34;885300315406.6299
333;222;375;7;2;1221440004672.0698;61528456886.4;1159911547785.67
334;179;512;7;3;1753875551799.71;30472806031.36;1723402745768.35
334;56;257;11;2;614906445917.09;25947154297.93;588959291619.16
334;85;381;15;2;2879155498264.83;105922000995.3;2773233497269.53
335;192;360;9;4;3126475388717.05;21629821630.46;3104845567086.59
335;412;29;9;3;79129230745.23;6567099675.84;72562131069.38998
335;43;323;11;4;184027768760.72;6337121852.12;177690646908.6
336;397;311;5;3;682937628253.62;21713756072.96;661223872180.66
337;337;142;9;4;408847838395.27;14975021474.31;393872816920.96
337;367;314;5;5;204860639746.22;7470704378.24;197389935367.97998
337;65;280;3;3;32096699236.920002;1172948081.76;30923751155.16
338;424;219;7;5;143464015008.15002;11798638144.2;131665376863.95001
339;122;39;9;1;349212461195.44;23679550227.9;325532910967.54004
339;414;409;7;3;851996171543.64;58366517232.84;793629654310.8
339;422;351;11;5;705352691592.0801;45119320248.97;660233371343.1101
341;355;114;3;2;161134100954.47;5903119317.6;155230981636.87
341;401;69;13;2;1992648092284.05;71393070614.58;1921255021669.47
342;287;38;3;5;7487949657.88;262068117.6;7225881540.28
342;332;137;3;5;15447680621.77;1092967748.09;14354712873.68
343;254;255;9;1;5208509885844.199;330184388118.6;4878325497725.601
343;390;468;7;4;1199226272362.77;36237013394.4;1162989258968.3699
343;423;150;3;5;25049104076.05;1524685683.24;23524418392.809998
343;446;411;15;1;42779365196462.305;2503565738450.28;40275799458012.02
345;194;148;7;5;61098008661.689995;3756347065.09;57341661596.6
345;352;394;15;2;5489876086844.73;482220406103.04;5007655680741.69
345;376;248;3;1;1174246208000.15;55370478962.53;1118875729037.6199
345;63;485;13;4;266094075910.66;20433161601.22;245660914309.43997
347;308;376;7;4;442037535404.45;23536373587.87;418501161816.58
349;134;72;9;2;187143476019.34998;12815115932.97;174328360086.37997
349;24;217;5;5;7063328729.78;357779184.0;6705549545.78
349;269;269;15;5;1212305386972.4;42219482771.52;1170085904200.88
349;378;43;9;4;79625173728.29;5460723435.28;74164450293.01
350;177;474;15;2;4345889650297.19;302353875968.04;4043535774329.15
351;142;360;15;1;110154153175398.4;732556573790.4;109421596601608.0
351;161;429;7;4;391296352100.96;14365665785.67;376930686315.29
351;381;421;15;1;57303709428381.41;2298568211904.42;55005141216476.984
351;397;96;7;3;361374792671.00006;14092297510.5;347282495160.50006
351;476;22;5;5;9654644848.07;740106715.04;8914538133.029999
351;479;298;9;3;2311354839548.64;85751254451.16;2225603585097.48
352;39;342;5;1;245973797509.93;22646297831.04;223327499678.89
352;428;259;11;4;671219535762.46;56934487229.56;614285048532.8999
353;315;436;11;3;1755861233422.85;123249764761.2;1632611468661.6501
353;440;501;3;3;240266096032.4;15491908789.63;224774187242.77
353;502;227;5;3;419481061171.70996;21870026610.12;397611034561.58997
354;144;345;13;2;2101879000111.0999;139294250394.62;1962584749716.48
354;29;304;9;4;111755862007.78;3101201244.98;108654660762.79999
355;187;357;5;5;125500301694.43;4718180308.38;120782121386.05
355;203;110;13;1;7153725025294.68;248984133582.18;6904740891712.5
355;276;260;11;2;3428987380030.7896;145736391358.27;3283250988672.52
356;166;466;5;2;545213925738.25;33977275458.48;511236650279.77
356;228;490;9;2;3333308637663.5;155417546340.0;3177891091323.5
356;295;248;5;3;364137409469.20996;14281891356.8;349855518112.41
357;189;411;11;3;995538533412.9601;72155381098.6;923383152314.36
357;23;363;9;2;297343054570.58;11614581940.5;285728472630.07996
357;323;151;11;1;15348847552103.23;398503182867.92;14950344369235.309
357;346;50;15;2;1222874034495.8;64579327776.0;1158294706719.8
358;20;237;9;1;301870461319.48;26375910120.0;275494551199.48
358;231;50;7;3;54699385225.31;4419265398.24;50280119827.07
358;286;181;11;1;6948629634403.94;425399006376.12;6523230628027.82
358;288;450;7;4;470029679242.82;28209091518.72;441820587724.1
359;221;169;3;1;674843796676.0;24025139880.49;650818656795.51
359;399;293;7;4;364761234955.73004;25446298319.28;339314936636.45
360;78;433;13;4;332450199393.89996;24788060811.57;307662138582.32996
361;337;98;15;3;1530604066124.07;57045083888.52;1473558982235.55
361;373;213;5;5;162045496364.62997;5935839768.42;156109656596.21
362;358;168;9;4;673499140751.53;22129436286.72;651369704464.81
362;502;68;3;3;40918689203.649994;2522515740.31;38396173463.34
362;511;220;13;4;2156928875751.74;84395308261.26;2072533567490.48
363;379;399;11;2;8485039160350.89;321478559504.07;8163560600846.819
363;457;412;13;2;14033707372371.37;552755994770.64;13480951377600.73
363;490;494;7;5;591727900124.46;35446457145.01;556281442979.45
364;188;131;7;4;73387959980.95;5604230825.07;67783729155.88
364;202;297;3;2;163482244161.66998;10030004067.28;153452240094.39
364;259;132;7;5;125634289200.12;5006376422.68;120627912777.44
364;399;425;15;3;8765492483341.72;297931459014.0;8467561024327.72
364;475;41;13;2;1629006912285.5198;57825408389.58;1571181503895.94
365;19;483;7;5;41017044596.020004;1343849199.45;39673195396.57
365;272;423;15;1;58084475723847.2;1788603298822.08;56295872425025.12
365;512;408;3;3;386341650772.38995;15692794940.62;370648855831.76996
366;353;9;7;2;80447534315.48;2860081768.2;77587452547.28
367;180;111;9;4;101073380369.34;7515732120.62;93557648248.72
367;19;67;5;1;65098201856.81999;2351741956.74;62746459900.079994
367;23;8;3;5;204487592.07;5085477.96;199402114.11
367;432;460;7;2;6727332056933.19;178896899268.86;6548435157664.33
367;456;45;15;2;1773800697781.36;81117472874.4;1692683224906.96
368;243;171;15;3;890251249206.5499;74248353923.94;816002895282.6099
368;71;474;7;5;135969531222.59;5064122642.48;130905408580.11
369;218;460;3;2;467247412540.17004;17135646160.9;450111766379.27
369;401;95;3;4;48795419060.25;1662969903.52;47132449156.729996
369;414;325;15;2;37291307546120.05;537915711996.0;36753391834124.05
369;448;99;7;4;149932283253.52002;10315563297.18;139616719956.34003
369;8;72;11;1;62637795005.6;5037380490.7;57600414514.9
369;9;501;3;3;10341677681.42;344303131.4;9997374550.02
369;98;38;13;3;87703222639.59999;5082376965.12;82620845674.48
370;257;16;7;5;15995508224.749998;618757719.91;15376750504.839998
370;81;284;13;4;204705242396.78003;18054308251.32;186650934145.46002
371;346;220;3;2;240069607699.1;13149000770.4;226920606928.7
371;429;285;13;4;2946404610781.71;95957659465.67;2850446951316.04
371;84;446;9;2;762140152069.92;56370247881.29;705769904188.63
373;285;363;3;2;410359582761.3;18064580797.3;392295001964.0
374;291;156;9;2;1059435324375.07;69814600499.4;989620723875.6699
374;401;69;13;5;377973804941.12006;14359906508.19;363613898432.93005
374;491;437;7;2;5720770887402.05;201795032356.54;5518975855045.511
374;92;257;15;2;2646620823569.49;97739164779.12;2548881658790.37
375;323;102;5;1;1623680793449.9402;63576779811.72;1560104013638.22
375;392;403;15;2;18303286122969.223;653038500048.48;17650247622920.74
376;16;171;11;3;25498346746.840004;2808792722.42;22689554024.420002
376;416;35;13;5;93827236633.09999;7556479770.11;86270756862.98999
377;143;195;7;4;173547418399.42;6770651199.31;166776767200.11002
377;411;289;7;1;6463260295166.081;449253603027.45;6014006692138.631
378;164;410;11;3;1472437100986.96;70155940383.23;1402281160603.73
378;282;17;13;1;895479487662.3699;60863217877.61;834616269784.7598
378;402;227;9;1;8483166036939.8;567477154320.48;7915688882619.32
378;428;432;5;1;10911770982858.43;362592430801.92;10549178552056.508
378;51;231;5;3;55723608196.3;2622232887.12;53101375309.18
378;82;124;5;1;301951139456.99;19940073535.36;282011065921.63
379;417;89;9;3;371373055595.49;26341415662.5;345031639932.99
379;511;13;3;5;5630374757.34;198790770.58;5431583986.76
379;54;444;9;2;470250485867.93;37678676746.06;432571809121.87
380;475;265;13;5;1975667880113.69;67105284187.5;1908562595926.19
380;68;22;13;5;8894731079.18;797533308.0;8097197771.179999
382;34;185;7;4;28743228526.100002;1559918616.2;27183309909.9
382;418;181;15;5;994184205717.1599;53699211225.0;940484994492.1599
383;103;161;9;5;125907267151.86002;4350942151.72;121556325000.14001
383;300;363;9;4;1663438784166.2798;44644515498.0;1618794268668.2798
383;335;163;5;1;4217381819143.0396;109966105606.1;4107415713536.94
383;348;149;15;1;11403495152791.79;890858581302.96;10512636571488.828
383;357;462;9;3;3926286922775.2;118944483759.76;3807342439015.44
385;143;248;5;5;82010476751.92001;2947930105.12;79062546646.8
385;205;158;11;3;975515439856.46;34893570694.75;940621869161.71
385;264;96;9;3;203625662564.71;18568448850.12;185057213714.59
385;284;402;11;5;655950157737.2999;44747106022.5;611203051714.7999
385;345;121;13;2;1842730287428.41;138351027227.56;1704379260200.8499
385;346;386;7;2;2682507503147.4795;132487434470.72;2550020068676.76
385;43;102;15;5;84721111329.5;3113018325.0;81608093004.5
386;244;303;15;5;720381738918.1201;53882800853.76;666498938064.3601
386;274;222;11;5;384024737116.08;23840979653.99;360183757462.09
386;332;330;9;3;2163036646284.23;80269857008.35;2082766789275.8801
387;143;196;11;4;460517162954.13;17164560773.36;443352602180.76996
387;462;228;3;3;151663860905.52002;8847218588.95;142816642316.57
387;503;68;7;5;147584423752.54;5572658543.27;142011765209.27002
388;341;245;3;4;118182862866.17001;4049702583.7;114133160282.47
388;440;429;13;4;3732925708776.0796;161455144936.8;3571470563839.2793
390;156;271;3;5;24482003282.51;1331676041.16;23150327241.35
390;322;394;5;3;582936565884.65;30059850184.0;552876715700.65
390;328;275;11;2;4509920954089.92;223288649656.16;4286632304433.76
390;487;169;5;1;5176144401997.23;171924705387.76;5004219696609.471
390;497;108;3;3;159830964456.90002;4578438271.68;155252526185.22
391;38;20;9;3;9006124009.029999;574494713.57;8431629295.459999
392;20;380;7;5;29517387725.48;1270594241.28;28246793484.2
392;26;298;9;3;101212046098.49;5856822422.01;95355223676.48
392;433;69;11;3;889530899500.37;33216227141.22;856314672359.15
394;172;496;3;4;57454871283.560005;4220180505.45;53234690778.11
394;242;504;9;2;4655598421359.32;208517440832.87;4447080980526.45
394;345;398;15;2;15507706506479.691;632061626959.8;14875644879519.89
394;443;236;13;2;9745611986539.68;365269067720.29;9380342918819.39
395;169;54;15;5;176847052347.09998;6827354253.72;170019698093.37997
395;448;211;7;1;8890379840285.27;393064441233.05;8497315399052.22
395;93;321;13;1;7215445360295.88;415030714925.02;6800414645370.859
396;281;216;3;2;345758877178.28;12009943546.44;333748933631.84
397;103;478;11;1;13473505503011.98;500357514629.33;12973147988382.65
397;119;260;9;3;822747623925.1299;24118812677.23;798628811247.8999
397;444;422;7;4;701115556243.7499;50462631629.63;650652924614.12
398;11;59;15;1;330908284203.29;12075292753.92;318832991449.37
399;402;364;7;2;3474615661693.45;156050072238.28;3318565589455.1704
400;152;39;13;5;30072251291.140003;3506364713.53;26565886577.61
400;486;266;3;1;4416653886062.23;103355731355.79;4313298154706.44
401;143;329;5;4;192338358993.11002;6595989400.0;185742369593.11002
401;504;93;13;1;12701393348434.71;672213758653.38;12029179589781.33
401;65;236;5;1;1037051963980.6599;33896463281.2;1003155500699.46
401;80;141;3;4;7370493465.44;580767575.62;6789725889.82
401;98;450;7;1;5063237322320.819;189076200138.0;4874161122182.819
402;499;345;7;4;1329794858821.93;47306816760.0;1282488042061.93
402;86;268;11;2;1184043832742.1802;60695860496.06;1123347972246.12
403;180;288;11;5;683806171947.25;22513257676.8;661292914270.45
403;214;458;3;3;183191055368.36002;9015655382.64;174175399985.72
403;261;318;15;5;767451229233.4801;65360043561.24;702091185672.2401
403;276;224;3;5;34609659104.03;2047281926.86;32562377177.17
404;173;470;15;4;3317716788808.0903;100555278535.8;3217161510272.29
404;88;488;7;1;2667746137742.86;186927295811.38;2480818841931.48
405;259;34;15;4;288769142065.95;10890293725.08;277878848340.87
405;76;412;3;4;27951995908.329994;1644226586.27;26307769322.059998
406;195;121;9;2;747144272344.61;42871926240.0;704272346104.61
406;336;188;15;5;1066535430140.8502;51011444736.0;1015523985404.8502
406;369;427;9;2;10270887968095.43;286290710496.0;9984597257599.43
408;490;201;13;1;48995899211288.414;1463784751997.57;47532114459290.84
409;26;379;15;3;381505528933.12;21994108489.08;359511420444.04
411;148;33;15;4;93492247303.03;6162631200.0;87329616103.03
411;299;241;13;5;1283148334606.1099;44807733663.54;1238340600942.57
411;58;146;11;4;94066091253.21999;5861610711.86;88204480541.36
412;110;117;5;4;30441178452.69;1914260376.6;28526918076.089996
412;352;9;3;2;8505313100.190001;678531678.11;7826781422.080001
413;281;360;13;2;10011541192390.06;387342940432.03;9624198251958.03
414;154;207;11;3;1321431563219.78;40009420246.12;1281422142973.6602
414;281;152;9;4;528277003021.67;20583412667.08;507693590354.58997
414;318;163;7;1;3330258731487.4497;237104139144.5;3093154592342.9497
415;157;186;3;5;32232225173.47;1039972087.53;31192253085.940002
416;336;53;9;3;341296352527.37006;15182710291.93;326113642235.44006
416;66;47;3;5;2374091558.09;110471660.01;2263619898.08
417;436;403;11;3;3603428583449.67;223782460689.67;3379646122760.0
418;194;395;7;5;342550200610.56995;14858038613.38;327692161997.19
418;360;201;5;2;485680867056.04;43890774220.8;441790092835.24
418;405;460;15;2;26738980250034.293;968713726806.0;25770266523228.293
418;447;344;15;4;7223467812778.74;201863050680.96;7021604762097.78
419;229;386;9;3;2201396133731.04;76466987962.73;2124929145768.3098
419;247;326;5;4;348114853998.82007;12446325801.0;335668528197.82007
419;252;291;9;1;7925435737513.62;562691296055.15;7362744441458.471
419;49;350;15;1;9453956287917.11;354947967675.0;9099008320242.111
419;67;345;9;5;194966088109.64;7233410402.03;187732677707.61002
420;304;422;15;1;83795228268104.34;2668262943306.24;81126965324798.11
420;406;183;3;1;1264947434802.1602;65520952345.09;1199426482457.0698
420;407;350;9;4;7016822905105.2;69987770012.16;6946835135093.041
420;497;206;5;3;833613401078.04;28133754544.0;805479646534.04
420;76;182;11;5;78996227353.88;6465982729.61;72530244624.27002
421;21;42;13;5;7271450084.06;575863403.17;6695586680.89
421;40;135;5;5;7414641044.93;546990300.0;6867650744.93
421;445;294;15;4;4632020501639.31;175134744804.6;4456885756834.71
421;46;174;7;3;83308401319.56;4249528688.09;79058872631.46999
422;302;392;11;4;1707909101773.1602;86886652191.54;1621022449581.62
422;433;416;15;2;174893463160744.12;955167357456.0;173938295803288.12
423;206;181;5;2;473201101860.7601;23053262652.0;450147839208.7601
423;321;132;3;1;468575969062.12;37904752886.77;430671216175.35
423;354;139;11;3;1558587697935.48;64512079021.16;1494075618914.32
424;26;266;11;5;59924647424.200005;3311364068.81;56613283355.39
424;36;15;7;1;22889846766.109997;2592688900.03;20297157866.079998
425;288;382;7;5;325834261686.01;21842270795.52;303991990890.49
426;386;92;5;5;60903100341.170006;3682307463.04;57220792878.130005
427;111;189;7;2;303605459484.29004;25665739296.47;277939720187.82
427;278;327;5;1;3620223708336.4697;228045389829.48;3392178318506.9897
427;63;332;11;2;666166028704.79;61996130054.81;604169898649.9801
428;216;217;11;1;9224016019388.39;555724346515.43;8668291672872.96
428;476;268;5;4;252038004577.36002;20476574968.64;231561429608.72
429;34;304;7;4;48511575838.920006;3251802353.23;45259773485.69
430;9;438;3;1;54182175549.36;3644640294.68;50537535254.68
431;166;296;11;1;12149572553594.09;590959020315.28;11558613533278.81
432;310;39;9;2;429450699192.48;24916012012.01;404534687180.47
433;155;457;3;3;238615493796.33002;7516824612.3;231098669184.03003
433;228;173;11;4;423181392134.29004;30643747896.22;392537644238.07
433;33;37;3;5;1052643523.32;46644955.55;1005998567.7700001
433;8;156;13;1;263214393161.27;20963967926.55;242250425234.71997
433;97;426;5;3;627284590230.07;12013078947.84;615271511282.23
433;97;455;3;5;53080489157.950005;1686056603.87;51394432554.08001
434;106;512;3;3;142652005290.69;5759202447.36;136892802843.33
434;126;125;5;1;585800575533.8801;40828693500.0;544971882033.88
434;150;352;15;4;12117836866993.68;74857647744.0;12042979219249.68
434;202;365;3;1;1966934218514.27;69448399570.94;1897485818943.33
434;342;309;5;4;203398509677.52;17602955658.36;185795554019.16
435;227;319;5;1;5927089442912.71;188590188327.86;5738499254584.85
435;491;245;13;1;57784563469712.516;2039966430665.44;55744597039047.07
435;55;81;13;1;1920508321435.2397;75548031494.36;1844960289940.88
436;72;182;15;5;185066916817.28;12229010277.12;172837906540.15997
436;76;480;9;5;1025075947638.05;12542564952.58;1012533382685.47
437;215;18;7;1;518880675909.4501;19754661407.54;499126014501.91003
437;229;142;5;3;261657127327.32004;9585347119.0;252071780208.32
437;293;293;13;2;10343782818562.7;369138341933.43;9974644476629.27
437;332;483;15;3;7317083306418.199;407992731693.12;6909090574725.079
437;350;22;7;5;28462105839.38;1601523498.96;26860582340.42
437;421;358;11;1;52536203221192.625;1864722657545.81;50671480563646.81
438;336;56;7;1;2012392746182.82;96493683002.57;1915899063180.25
438;374;436;9;4;1628483474018.1099;88004344245.52;1540479129772.5898
438;490;49;3;4;29595042363.86;1466317591.2;28128724772.66
439;260;261;15;2;11635278893605.521;388475456101.2;11246803437504.32
441;299;56;5;5;48106176709.41;1859461720.48;46246714988.93001
442;481;457;7;2;8265741696092.359;289703399290.25;7976038296802.109
442;70;316;15;2;2222387376349.55;129018671460.0;2093368704889.55
443;261;152;9;4;741375385001.0;21805321253.76;719570063747.24
444;176;455;15;5;2913467318113.2305;76480918113.6;2836986399999.63
444;229;393;9;1;22271311933861.758;777130645053.66;21494181288808.098
444;406;380;15;4;6421474237727.22;231288025802.4;6190186211924.82
444;483;312;5;3;1243489403518.62;46277849479.68;1197211554038.94
444;61;440;5;2;482764311038.12;18378712008.8;464385599029.32
445;107;193;7;5;135403341803.96;4494953309.82;130908388494.14001
445;156;172;15;1;13448879440209.238;628923914199.36;12819955526009.879
445;205;267;13;1;31550648443377.492;972603044523.71;30578045398853.78
445;218;435;3;3;177238849636.86002;10625975293.18;166612874343.68
445;337;466;9;4;2480075050015.7397;86316577443.36;2393758472572.38
445;404;159;11;4;651720407869.39;52742077798.08;598978330071.31
446;175;420;3;1;1973088844342.7102;73131384211.2;1899957460131.51
446;200;17;11;5;22706966852.850002;1786642401.28;20920324451.570004
446;391;296;11;4;2632823954782.71;95027042718.08;2537796912064.63
447;189;234;13;5;3287236332857.5303;32459192794.83;3254777140062.7
447;23;263;3;3;30502343565.82;677807914.67;29824535651.15
448;128;46;13;3;127949066588.33;11895103424.92;116053963163.41
448;407;285;3;3;436432862999.73004;13172624190.0;423260238809.73004
448;509;338;11;5;2389342105023.24;92471493337.54;2296870611685.7
56;141;332;11;3;9830380188.77;813187205.53;9017192983.24
56;331;124;9;4;8475838229.5199995;315086218.01;8160752011.509999
56;346;453;7;3;20954835241.99;1395479291.27;19559355950.72
56;418;491;15;2;238243732611.74;12534114526.56;225709618085.18
57;142;93;15;3;5659971957.03;374924943.0;5285047014.03
57;353;413;9;5;22586478907.07;801314776.23;21785164130.84
58;138;399;3;4;976064880.4;62529508.44;913535371.96
58;438;91;5;5;1283743000.11;80468519.04;1203274481.07
58;81;511;7;5;2509882072.09;163784385.68;2346097686.41
59;275;298;5;2;24004633448.59;900768176.0;23103865272.59
60;281;394;15;2;215754238584.06;8046658091.52;207707580492.54
61;333;495;9;1;213841625658.63004;21032659714.57;192808965944.06003
61;503;295;5;2;50657773052.22;1749580825.7;48908192226.520004
61;63;227;3;3;559734591.3900001;31831383.18;527903208.21000004
62;15;368;5;4;377118054.61;19811942.4;357306112.21000004
62;224;187;11;3;10673443402.900002;920932946.84;9752510456.060001
63;212;442;15;5;15740837188.67;1430652057.12;14310185131.550001
63;358;57;7;4;2229254039.1099997;126166624.92;2103087414.19
64;16;134;5;4;133189175.55000001;7695073.28;125494102.27000001
64;27;218;9;2;2540768715.07;224858483.52;2315910231.5499997
64;318;225;3;5;1117315173.92;70780923.36;1046534250.5600001
65;17;85;5;5;129070792.09;3423754.1;125647037.99
65;336;206;13;2;53835705547.64001;4782211017.29;49053494530.350006
65;420;380;3;4;3121247163.48;232799071.68;2888448091.7999997
65;44;432;15;2;19343198063.489998;1621338301.44;17721859762.050003
65;464;344;7;4;13205292769.179998;1122846716.72;12082446052.46
66;107;143;5;1;22116741628.809998;824614956.88;21292126671.929996
66;391;131;7;4;10809929909.57;360323098.42;10449606811.150002
66;49;25;15;1;11515795953.72;417958632.0;11097837321.72
67;108;157;7;4;1691979315.26;119279952.69;1572699362.5700002
69;262;485;7;4;18261686743.18;1009124981.82;17252561761.36
69;284;359;5;3;10496397604.74;756164830.48;9740232774.26
70;290;324;15;1;672421897080.2201;37180017100.8;635241879979.42
70;318;448;7;5;11359035038.52;767300162.76;10591734875.76
70;58;386;11;1;86102387803.25;5469040938.24;80633346865.01
71;120;222;13;3;11049283422.01;1113441795.65;9935841626.36
71;253;125;13;2;74022380264.76;2697539130.0;71324841134.76
71;512;456;13;2;217994793395.63;19914619944.96;198080173450.67
72;374;313;13;5;35265967875.520004;1874983084.15;33390984791.370003
73;215;86;9;4;6642202137.61;242732415.53;6399469722.08
73;302;140;3;4;1568085460.49;77035817.38;1491049643.11
73;384;452;7;4;15683711851.08;1545321170.53;14138390680.55
73;469;114;7;3;20346103765.320004;777208337.91;19568895427.410004
74;168;302;5;2;12239708669.55;921869061.12;11317839608.429998
74;443;269;5;5;11329124274.69;375912301.5;10953211973.19
74;505;249;3;5;4767811911.740001;162473001.98;4605338909.76
75;144;334;3;1;14476244018.31;1293615449.16;13182628569.15
75;58;200;13;1;63337916308.240005;4363488118.08;58974428190.16
76;111;316;7;1;51672743452.0;4722916054.08;46949827397.92
76;182;501;9;1;328768679544.96;19152257101.29;309616422443.67004
77;68;339;11;5;3637618016.52;351952864.56;3285665151.9599996
77;85;181;15;5;11027677415.380001;380490742.8;10647186672.58
78;111;61;3;3;344741840.51;23102023.65;321639816.85999995
78;178;366;15;5;23542905107.31;1611193429.44;21931711677.87
79;144;413;11;1;223380135282.93002;19213394521.31;204166740761.62003
79;212;351;11;5;11317464845.36;1136106045.36;10181358800.0
79;495;81;13;4;13063980314.210003;1231203772.66;11832776541.550001
80;309;181;15;3;61687209774.8;3733217125.38;57953992649.42
80;398;38;3;1;8005962954.2300005;464415160.44;7541547793.790001
80;403;272;15;4;115609307447.07;4481356389.12;111127951057.95001
80;60;108;3;3;303096667.03999996;23842569.02;279254098.02
81;231;465;5;3;12999791025.68;1097843600.7;11901947424.98
81;242;245;13;2;114697373028.95;6883546469.8;107813826559.15
81;369;493;5;5;13854142280.460001;737087662.26;13117054618.2
81;493;38;15;2;70472803885.66;2732617674.72;67740186210.94
81;55;152;7;5;1582797998.61;58809884.67;1523988113.9399998
83;235;198;11;1;425631286694.5;16825661521.42;408805625173.08
83;354;329;3;2;15583126866.45;988137515.13;14594989351.320002
84;209;207;3;2;10063393466.98;385181771.99;9678211694.99
84;274;408;13;3;95585781364.2;6621943224.0;88963838140.2
84;325;291;15;4;109523399326.47;4307983933.5;105215415392.97
84;405;331;9;4;36300594479.41;2435768625.6;33864825853.81
85;204;419;13;1;552312506359.04;43170255619.42;509142250739.62006
85;283;175;13;1;678875565382.53;25012949945.62;653862615436.91
85;482;188;15;4;70440340035.13;4127647603.68;66312692431.45
85;498;200;13;5;36304911024.68;2416540139.52;33888370885.16
86;247;66;13;5;10189628126.35;395526479.46;9794101646.89
86;287;352;15;4;134332222717.81;4601742203.52;129730480514.29
88;179;512;5;4;16274381922.509998;621894000.64;15652487921.869999
88;221;129;13;1;381067903890.93994;15606441117.2;365461462773.7399
88;421;413;15;3;413758902876.43;14830963514.64;398927939361.79
88;76;148;9;5;1396415965.53;147661125.47;1248754840.0600002
89;114;33;3;1;1708472056.8700001;143716890.08;1564755166.7900002
89;19;112;9;1;15809063019.26;634212336.04;15174850683.220001
89;377;170;3;2;17175440553.14;626247692.93;16549192860.21
90;169;85;7;1;76321027959.36;2785276323.65;73535751635.71
90;326;351;15;5;64600180345.939995;3696197806.08;60903982539.85999
90;409;301;11;5;68074032522.84;2414243226.66;65659789296.18
90;491;43;3;2;6110987747.99;215787105.54;5895200642.45
90;80;290;9;5;4101951739.43;341449136.64;3760502602.79
90;82;362;11;5;9885586578.46;582121501.6;9303465076.86
91;401;263;3;5;6711802224.11;192157720.15;6519644503.96
91;80;380;11;3;17413966085.14;1617271828.48;15796694256.66
92;289;404;13;5;83069411229.47;3197950669.6;79871460559.87001
92;413;296;11;1;1388227304059.47;55777987772.95;1332449316286.52
93;100;51;13;1;29547483414.99;3171282444.72;26376200970.27
93;147;312;9;2;48644730245.1;3852138237.29;44792592007.81
93;190;197;7;2;36514867673.97;1991265938.82;34523601735.15
93;260;295;15;4;53716390107.97;4268000646.0;49448389461.97
93;315;416;3;3;7710484398.090001;635591069.57;7074893328.52
93;420;16;5;4;747363837.99;49839417.6;697524420.39
95;142;434;13;4;43252823310.5;2826950116.39;40425873194.11
95;330;501;13;2;280433629203.66;27640440251.42;252793188952.24
95;388;297;11;5;36145629508.47;2533532970.36;33612096538.11
95;43;428;13;5;14670089954.01;565134660.98;14104955293.03
96;272;64;11;2;21403576335.72;2286902273.64;19116674062.08
96;281;112;11;4;27934883866.25;1129726691.88;26805157174.37
96;29;220;3;5;489419462.12;12880454.4;476539007.71999997
96;492;366;13;3;140761291112.96002;14352808603.91;126408482509.05
96;87;193;7;5;2496558884.2100005;166566572.24;2329992311.9700003
97;236;189;13;2;87190752308.29999;7816375735.46;79374376572.84
97;468;105;3;2;7177210904.55;571436716.03;6605774188.52
97;510;510;7;5;42233015847.1;2580189711.12;39652826135.979996
98;102;90;11;1;52031480052.829994;4823934483.46;47207545569.369995
98;116;305;7;2;29945405851.840004;2147620938.06;27797784913.78
99;179;321;7;4;23815522986.41;909462155.21;22906060831.2
99;189;294;3;3;3945547576.62;305413006.85;3640134569.7700005
